hour,is_peak_hour,weather_condition,brt_lane_isolated,avg_speed_kmh,conflict_risk_index,delay_minutes
12,0,2,1,29.47501260706082,0.10563172392382321,2.3449154868508137
20,0,0,1,30.20017946948237,0.15569713151242773,0.0
16,0,0,1,26.617118135342878,0.5818311470634862,0.0
13,0,0,1,42.19716632016488,0.6094644818033486,0.0
12,0,0,1,15.481855949430184,0.7763076500134093,0.0
16,0,0,0,38.46513789273739,0.21876878766156557,0.0
16,0,1,1,18.731484937239728,0.5618647753811009,0.0
9,1,1,0,38.92642081611598,0.27500287998851974,3.301468866760195
13,0,2,1,33.47735747030164,0.1838765076064252,0.0
8,1,0,1,40.29834272809207,0.4694462146544991,0.0
7,1,0,1,17.925429769226923,0.24700298328015152,0.5929319002157621
17,1,0,1,31.769419022993223,0.29960378037308677,0.0
11,0,0,1,30.032636407865912,0.3857991218825516,0.0
7,1,0,1,36.18579548890076,0.33344956066887665,0.0
6,0,0,1,31.028716556810274,0.17883216766535176,0.0
17,1,1,0,31.222037013993127,0.18092462037373208,5.225043589702693
17,1,0,1,27.88787830728194,0.27392447371075135,0.0
22,0,0,1,24.265032720220226,0.14550326916358508,0.0
15,0,0,1,29.467930837565767,0.6638113177092344,0.0
21,0,0,0,18.55477076305202,0.35859404485801183,0.6709460311259418
20,0,0,0,43.84540016949254,0.35177137099216393,0.0
20,0,2,0,36.43232290879795,0.3987984648139886,4.339414843414867
17,1,0,0,43.5740135006354,0.6965166467887495,1.559557427490755
8,1,0,1,21.801821469898897,0.8835704933351415,3.763588305405096
10,0,0,1,41.38023060529584,0.7831782393000746,0.0
12,0,1,1,39.26369953690615,0.7547763072025855,0.0
14,0,2,0,35.314572373730215,0.5359520670407644,3.7955745600265063
12,0,1,0,33.750875582556176,0.7244250012706706,3.6344693196819953
9,1,0,0,24.4964899580361,0.5974861312302249,5.912580574910679
19,1,0,0,39.49232354895092,0.29462547536787603,0.42710918449494084
14,0,0,0,30.045463844392014,0.28772953096694565,0.0
7,1,2,0,17.126747276738563,0.3667528061877551,9.57885158523709
20,0,1,1,24.3858948256539,0.9197224038728319,2.4832166394916557
12,0,0,1,43.05891295635983,0.5926733563417533,0.0
17,1,1,1,40.52040781814539,0.7605148393016825,3.405833256176313
13,0,1,1,44.45717094229617,0.4119028838348928,0.0
20,0,0,1,33.83980147812294,0.46694419359870276,0.0
8,1,2,0,22.425302194212357,0.21300902077352624,9.32453415544326
19,1,2,0,19.884451490305914,0.25416546203950335,9.692811914361428
22,0,0,1,20.60743321825385,0.844620899343531,0.0
9,1,0,0,15.593869750417632,0.6263547685199938,4.693599979226098
13,0,0,1,26.720463329578173,0.40377921929543703,0.0
9,1,0,1,20.742830414986276,0.8225660880959914,3.4366871197979654
7,1,0,1,27.34966381370107,0.32186791507418466,0.0
11,0,0,1,43.04983295516296,0.9784294287401835,0.0
15,0,2,1,27.9162062852157,0.4103358469715528,1.891728040971581
9,1,0,0,41.339534909545044,0.4035798587361048,2.013082755871192
17,1,0,0,33.1651429984763,0.3807207149830347,2.410733938648861
7,1,0,1,22.413946639841758,0.20990036433185916,0.0
15,0,0,1,25.675642777776343,0.20002343259881117,0.0
9,1,1,0,17.51758607464288,0.683294531080711,9.697789032537782
19,1,0,1,25.003877807880315,0.8876062401022423,3.449490503362595
21,0,0,1,35.32622836510602,0.8114684592445062,0.0
20,0,0,1,17.163332787883057,0.226996834619216,0.0
13,0,1,1,21.162042254340882,0.5910239096128598,0.0
19,1,1,1,26.443231242399342,0.195032391378976,2.414281811153012
13,0,0,1,44.46148611047887,0.1407651792517697,0.0
21,0,0,1,38.545854688766404,0.6907472734462905,0.0
18,1,0,0,37.00460239476311,0.5816371003123153,1.621623603263302
20,0,0,1,18.485728695763378,0.17382131669032377,0.0
18,1,0,0,38.42987680844975,0.13144532176538962,1.2293929123306833
14,0,0,1,38.55806434548045,0.9907807720684012,0.0
20,0,0,1,33.03308086872985,0.1270191989341647,0.0
18,1,0,1,44.71085345995115,0.5000754277451437,0.0
6,0,1,1,24.757617177736556,0.554157122146926,0.0
12,0,0,0,43.23817344725555,0.20555213302040054,0.0
14,0,0,0,42.44193344869511,0.25215560059574466,0.0
6,0,0,1,15.344419792481336,0.4166245057693173,0.0
17,1,0,1,28.50349579424433,0.7855082885922964,2.330653315195377
13,0,1,0,44.3131269915472,0.55637418165424,1.9677986634728621
16,0,0,1,18.093640872242275,0.6741116870976653,0.0
22,0,0,1,31.433540831499585,0.9866570995816073,0.0
13,0,1,1,44.36872521123313,0.7912048917818887,0.02805399317665791
8,1,0,0,31.664862723175805,0.490925348327096,2.335705238527499
8,1,0,1,20.69445908916468,0.5017977296168938,1.0930913774887423
6,0,1,1,32.465496902777694,0.6568948693369046,0.0
10,0,0,1,21.133217218486404,0.6988286875770139,0.0
15,0,0,1,30.591127886834528,0.5506398332530043,0.0
12,0,2,1,17.22126653737044,0.6803751005334819,3.5819885161539364
14,0,0,0,33.16448007643214,0.1211792449726889,0.0
12,0,0,1,30.503698173844747,0.48666057750715974,0.0
14,0,0,1,37.2048410628439,0.35104426846612913,0.0
13,0,2,0,33.92101413476355,0.21625700071879936,2.664377436780513
17,1,0,1,31.4881880559227,0.18959186152789764,0.0
7,1,0,0,35.693365477443635,0.6428729490532007,3.3024511254400872
6,0,0,0,19.318257407166925,0.5712404924373505,0.0
21,0,0,1,32.86078983775812,0.3282257052967323,0.0
10,0,0,1,20.163318084683333,0.523855052895263,0.0
8,1,0,1,42.765666235556424,0.5430090836641674,0.0
17,1,0,0,17.050023145368126,0.2755080823947542,5.295175635472376
13,0,0,1,27.911242490723797,0.6868837556934856,0.0
8,1,0,0,35.873924329663346,0.8028274207474814,3.8913227934377232
6,0,0,1,28.74066635004776,0.8123171868005671,0.0
8,1,0,1,17.76285759698707,0.6422228476331096,1.893091346090362
10,0,0,1,31.601370483801222,0.5604747242671126,0.0
20,0,1,1,34.24895726482063,0.1549064287048554,0.0
19,1,0,1,36.113769329715225,0.3590481689664453,0.0
8,1,0,1,26.19779443388277,0.1839443021003529,0.0
6,0,0,1,31.909799130862865,0.9674408447906263,0.0
10,0,1,1,28.52059424816739,0.22157213160318462,0.0
19,1,1,1,35.161681162567604,0.23659786886599185,1.8370328837065086
12,0,0,0,32.506709019744555,0.900618956497443,1.3241873112278109
14,0,0,0,30.772686586774046,0.9495354551288121,1.2537538290883987
20,0,2,1,22.485731005147457,0.7892461353114189,3.937810159039223
20,0,0,0,15.060555532447017,0.10486443130540289,0.6016444848118456
15,0,0,0,20.222450259342878,0.10121164386090734,0.0
18,1,0,1,18.51198124272506,0.4402906928087057,0.4638001090150966
12,0,0,1,28.472542350328403,0.22905583300980328,0.0
22,0,2,1,33.36774452285534,0.11654752793643756,0.0
9,1,1,1,21.392550260544247,0.5176600204640542,5.266327884043431
10,0,0,1,43.171712879015615,0.9487557076662744,0.0
12,0,0,0,15.200463876716633,0.3914376174121883,0.7089373845216149
18,1,2,1,38.169030454960286,0.6950266105858268,5.655073103158838
20,0,1,0,33.756143085913266,0.6870118178191966,1.647878625320699
16,0,0,1,26.206644031430457,0.32597209329865096,0.0
9,1,2,1,16.51466833237224,0.6853827239414779,11.024091720954054
18,1,2,1,33.82459715352838,0.2911005768582021,4.7189357048550304
12,0,1,1,26.56840538596944,0.20980667221920013,0.0
7,1,0,1,43.08801418239658,0.731244957003721,0.30493985690569486
15,0,0,0,31.259702246692978,0.20209673539352507,0.0
18,1,1,1,43.189545338805246,0.9972182967304198,3.2492845178756373
11,0,0,0,21.61451080419912,0.2651071610352064,0.0
17,1,1,0,36.7717773109231,0.6347276764808117,5.749082422565456
17,1,0,0,33.51747062546177,0.4702371142713304,2.468074641946786
16,0,0,1,37.182246894939354,0.2137477801651004,0.0
12,0,0,1,21.440035919176104,0.12505951681967206,0.0
6,0,0,0,34.949835487133214,0.66045905406355,0.0
6,0,2,1,29.941211791706067,0.8260818074102135,3.8106632435554775
18,1,1,1,37.28474924718949,0.8578140953560696,3.8779335121976977
14,0,1,0,24.81133932455453,0.534442125769241,2.754834926273935
8,1,0,1,41.70171076395758,0.799709920464147,0.4115682426464915
12,0,0,1,17.52903943834051,0.7055624201396903,0.0
11,0,0,1,39.21567956373564,0.7518290747492199,0.0
13,0,0,1,40.83958877445272,0.5433391046996328,0.0
14,0,0,0,39.51756934100463,0.6700705662179144,0.0
10,0,0,1,30.38179182785328,0.8249733222184512,0.0
6,0,0,1,28.15154940092284,0.45809575800132074,0.0
15,0,0,1,44.887868595746305,0.8253810107808254,0.0
17,1,2,0,21.875158536424863,0.6328151585101566,12.043278768962622
20,0,1,1,31.40627897628134,0.24931092193370763,0.0
14,0,0,1,35.12026576146977,0.12221574150212616,0.0
22,0,0,0,36.026029075842956,0.42647824035923687,0.0
22,0,1,1,21.12073997215736,0.5920266954667058,1.1221843807960052
17,1,0,1,34.619822770194034,0.8558383169831395,1.9481683849192066
12,0,1,1,39.55108699444012,0.2147371121262216,0.0
7,1,1,1,16.500557304633368,0.8201857129152212,4.723137492508248
8,1,0,1,42.3456387997595,0.8767081414605042,1.2620360030928968
22,0,0,1,15.885121654356178,0.23561873830075042,0.0
10,0,0,1,25.67913097465183,0.8664348873737971,0.0
22,0,0,0,15.474395886988862,0.9923082110585129,2.2756163766559947
22,0,0,1,17.314355056187456,0.7541549479434138,0.0
22,0,1,1,42.33504855540237,0.8062927136424891,0.5096830111428956
7,1,0,1,25.645824922384435,0.9949737408029861,1.9449256673962734
7,1,0,1,27.743145912751586,0.6449331254733508,2.6289269892656826
10,0,2,0,21.46033144147658,0.37709774381462446,6.649265797379037
6,0,1,1,32.91287310560159,0.8537777506684501,0.0
6,0,0,1,32.844096440333686,0.6530371997604681,0.0
7,1,0,1,26.16601175475658,0.6230758813488609,0.0
17,1,0,1,24.99104615416195,0.32827199996263445,0.30721084213269323
11,0,0,1,41.54892924541763,0.7807008426245979,0.0
9,1,0,0,26.498527189266042,0.17350054827408662,0.5965305453876488
16,0,0,1,29.805029764632245,0.931858363715195,0.0
22,0,2,0,23.499142872747917,0.39324111469343626,6.785685359888648
11,0,0,0,38.60308510071382,0.2149971875109914,0.0
10,0,1,1,26.92344470697275,0.49812987979217693,0.0
7,1,2,0,30.408331396329736,0.13822291833087985,8.087512549568466
11,0,0,1,22.60071510178984,0.7161635748384697,0.0
16,0,1,1,44.629787770237556,0.9124349594008205,0.0
21,0,0,1,23.74487222771169,0.8535367064246578,0.0
21,0,2,0,38.122275927166555,0.21463252610309297,2.703580054143421
6,0,0,1,27.824869510702776,0.21364402339695868,0.0
14,0,0,0,21.186522152524198,0.8320910340918377,0.8134805601258788
11,0,0,1,38.99156291894583,0.9318288471428043,0.0
21,0,1,1,25.008203670871296,0.5146028468501402,0.0
8,1,1,1,40.95580042193433,0.5490740052223894,1.5218966461352246
9,1,0,1,42.45771554753469,0.38643583724715336,0.0
8,1,1,1,40.79471506173827,0.9048386064307725,5.879402755393852
12,0,0,0,16.05023744420417,0.6804126147631203,0.7227339431686974
14,0,0,1,38.62120035015317,0.3594264194506317,0.0
6,0,0,1,27.340183994974318,0.3689045839488264,0.0
13,0,0,1,41.21168760546675,0.9020800657572421,0.0
12,0,0,0,34.13862788054216,0.11227062151523932,0.0
13,0,2,0,40.00929402431875,0.39045391545397456,3.2101467745749184
6,0,0,0,29.982953096005062,0.5989210130947321,0.0
16,0,0,1,31.050765137967986,0.23339571588939217,0.0
15,0,0,1,19.331628964010015,0.18288887877963084,0.0
8,1,1,1,38.51962076068067,0.833748697981504,2.375261586875625
12,0,2,1,27.58168835000915,0.9049639497836565,3.74275108557344
21,0,0,0,30.002403548147477,0.8412457787183705,2.6529992055519114
21,0,1,1,38.552931422871225,0.9089091007636129,1.5176429069427546
22,0,0,1,32.96536200238317,0.5978007739525344,0.0
7,1,1,1,21.032961823280022,0.8310323088913077,6.214964608868709
6,0,0,1,32.706979774526786,0.4456383745519904,0.0
21,0,2,1,27.22898573938967,0.6996410753311346,3.8465544623052033
17,1,0,1,29.08576626131588,0.989951978250248,3.185373125657203
10,0,0,0,15.849338232080033,0.3031549514552147,0.0
10,0,1,0,21.30088048548845,0.45090977166197255,2.0118302485228794
14,0,0,1,23.431142441430847,0.532042639579077,0.0
14,0,0,0,36.38880023576417,0.22421393831804656,0.0
8,1,0,1,15.34477419894346,0.1729347494185511,0.0
21,0,0,0,27.26331783687396,0.846750579689462,0.6249620665276657
21,0,0,1,42.72080611277198,0.9791149355448275,0.0
8,1,0,0,18.356418496473715,0.4642525574466928,3.6942364515040405
6,0,0,1,30.492731646558333,0.17888485257518794,0.0
16,0,0,1,38.59567147172541,0.15923058462151884,0.0
22,0,1,0,43.2759392256035,0.9021863857242688,3.9803201887746127
13,0,0,0,37.40329918601154,0.5174328247549119,0.0
9,1,0,1,36.61696645933218,0.38802458490615277,0.0
11,0,0,1,39.794642705872874,0.5288151441154596,0.0
13,0,0,0,28.38603662932631,0.38647368522311265,0.0
8,1,1,1,39.17533597853499,0.5401321977768581,2.57386848798197
21,0,0,0,15.238932142363534,0.8736007572261432,2.4834231024169036
8,1,0,1,42.73683166130415,0.6330712339558862,1.0537497446636837
19,1,1,1,28.29919528551526,0.7251883955291578,4.348797965392086
7,1,1,1,31.601405635972426,0.4282036086109029,2.631100834394144
8,1,0,1,22.64646746744647,0.7646552906594669,0.0961894817058373
21,0,1,0,37.27592498521264,0.6999553763914351,2.66550870149159
14,0,2,1,17.299074194257464,0.2076057979768508,2.9573809204891424
9,1,0,0,41.17907407640506,0.6153785678040261,3.51456103952066
6,0,1,1,39.84350487019029,0.33106914667878223,0.0
9,1,1,1,21.481803487342994,0.8236861026702336,5.0205750914706435
6,0,0,1,39.27973194855787,0.4833439376202455,0.0
19,1,0,0,38.59073199184444,0.9952157486768385,4.966364823918224
21,0,0,0,33.966497932618466,0.1832503941450674,0.0
13,0,1,1,26.205605306990627,0.8023130764661427,2.5100141389189528
12,0,2,1,23.144962625456035,0.7063315601879409,3.5625473968471946
8,1,0,0,21.9535077086805,0.7907489475316349,6.549423826748028
22,0,0,1,24.558268882908216,0.37677681594141077,0.0
6,0,0,0,42.10675330297591,0.5428490404441606,0.0
21,0,0,1,17.329223279663438,0.8168576677513375,0.0
17,1,0,1,39.86613828758876,0.3092871984587695,0.0
19,1,0,1,25.46670225125471,0.30342987710978686,0.0
11,0,1,0,30.647981880340744,0.5959458579654392,2.0603549214247963
11,0,0,1,38.834569009454725,0.5712072215768702,0.0
18,1,1,0,41.53129641068914,0.35403622337163954,5.861581386465927
13,0,0,1,25.343442602179408,0.36826808547234047,0.0
7,1,0,0,28.85530443825331,0.350060646885909,4.058932973128671
6,0,0,1,27.435481944503767,0.7943608557986389,0.0
20,0,0,1,15.397531005117317,0.6867107790062146,0.0
6,0,2,1,23.8782866657597,0.8491754650692275,3.0445595270795427
10,0,0,1,28.775677011976853,0.9779257254826197,0.0
21,0,1,1,27.332808266413195,0.5267478666447878,0.0
9,1,0,1,36.65787682547038,0.16002449326490398,0.0
8,1,1,1,26.544108516633095,0.1432830793708319,1.0602756402619717
22,0,0,1,29.681293469120106,0.36609853534445724,0.0
22,0,1,1,27.8882577639709,0.9392901304172058,0.7643004799242845
17,1,1,1,37.21878446683111,0.5708917494737874,1.8610352137343389
19,1,0,1,40.88917196960888,0.3446078644721162,0.0
11,0,0,1,30.956672370225427,0.45925011505991764,0.0
8,1,1,0,38.68296582585573,0.6387355966642038,8.194650683951686
14,0,2,0,23.90360046059552,0.687654692324058,8.326537303611884
10,0,0,0,31.241088304718062,0.23852755880461454,0.0
22,0,1,0,25.356898610099172,0.9793285088906584,6.036361802374416
19,1,2,0,27.42602776715491,0.59029500428451,10.076229100447932
8,1,1,1,36.97241594438006,0.22211948601305137,0.0
6,0,2,0,41.44987446998138,0.9042717280115203,6.006939503598764
6,0,1,1,18.64486173263296,0.16717458797148593,0.0
8,1,0,0,34.039177694621415,0.9169618898597615,5.335588429181988
15,0,0,0,32.46431422733396,0.9969090906600842,2.9713287345057795
8,1,0,1,18.552451175277955,0.7303886192408535,4.270107568924932
13,0,1,1,21.35682991320327,0.7934024989665908,1.3959505346931587
19,1,1,0,24.33007484198041,0.4035725528207378,4.9176989427282916
20,0,0,1,20.007932124525045,0.9474191674605403,0.0
7,1,1,1,22.311884475730253,0.5767425694975309,4.242380562828012
15,0,1,1,23.028023965851226,0.7591496019377993,1.6717894836300728
7,1,0,1,25.070214991171788,0.9316969443201515,2.632267672082748
22,0,0,1,37.48171358403477,0.9776619783779574,0.0
13,0,0,1,32.157366115518016,0.8498839209370069,0.0
6,0,0,1,44.587400158542046,0.372715756283827,0.0
14,0,0,1,27.44207480902413,0.9698927648968741,0.0
16,0,0,0,37.615952215107754,0.6653075781192146,0.0
21,0,0,1,41.144052641296014,0.9375782287167639,0.0
12,0,0,0,35.36935479114126,0.7084945232329166,0.6934371050463669
15,0,0,1,27.35594221252488,0.37651506566294846,0.0
8,1,0,1,37.60783892237259,0.43302207172853435,0.0
18,1,1,1,21.110014133180545,0.5954245993926465,5.551491364468966
12,0,0,0,24.826564955403974,0.8110133574038938,3.262434136897015
9,1,2,0,31.400557652978662,0.38618429620630146,8.405483314670963
18,1,2,1,32.26228161858445,0.6217580495207728,5.824353552913599
6,0,0,1,15.664244264178883,0.4110624942187614,0.0
13,0,0,1,43.353425662680266,0.8341924641715964,0.0
19,1,0,0,35.8988181365217,0.5200552843911554,4.101217276159127
21,0,0,1,29.87111250695673,0.1690505441675967,0.0
19,1,0,0,42.993817032249254,0.24944726933338274,2.485920079547457
17,1,0,1,28.172866957524853,0.15499420085766907,0.0
20,0,0,0,44.41306710811115,0.5493726514128927,0.0
7,1,0,1,30.368542717304553,0.19570356761340446,0.0
7,1,0,0,18.428573099939385,0.2027259723786689,4.401332980768612
22,0,0,1,37.94402917377832,0.9469434340345393,0.0
15,0,0,1,35.36693175233522,0.8853895649584499,0.0
11,0,0,0,38.189601639167606,0.5068779371302294,0.6697267597596983
20,0,0,1,43.543260861770435,0.9872247887651852,0.0
16,0,2,0,38.29467907953054,0.10016787535359681,2.702296886597429
10,0,0,0,33.34009806649941,0.6525815106460544,0.0
6,0,0,1,40.719267070825225,0.6547853596346831,0.0
13,0,0,1,35.19739318063594,0.5116987502828994,0.0
17,1,0,1,27.243571704777693,0.45725317564086354,0.48048539038663074
17,1,2,1,41.56859292725319,0.5098448219325469,4.565351130943927
10,0,1,1,21.657013823531187,0.47346439247171246,0.0
12,0,0,0,36.43923824726173,0.7574432297340694,0.0
9,1,1,0,41.44690364822271,0.22181989147595566,3.6540403089762123
11,0,2,1,36.93949559109889,0.27787529853201715,0.0
18,1,2,1,35.918262571615706,0.26246640555318124,4.485704406552637
20,0,1,0,37.57914882215508,0.3362235266091381,0.2768874550608389
8,1,1,0,28.95165744901933,0.5727325769034249,7.145876310529659
13,0,0,1,41.225120464710784,0.20008787260439687,0.0
21,0,0,1,21.103094254082734,0.8813523657938537,0.0
18,1,0,0,18.821592480010178,0.3676253781776251,5.054296843581156
15,0,0,1,23.56526340355535,0.24628418872183708,0.0
22,0,0,1,30.947321903249794,0.7080591786384189,0.0
10,0,0,0,30.31685386228014,0.13427767053938736,0.0
14,0,0,0,39.6179627302976,0.6579717083867478,0.1038479256971988
17,1,1,1,27.137059692120523,0.7283785876088498,4.131078021633655
6,0,2,1,29.53033278874526,0.2934248782480473,0.6774445080004246
6,0,0,0,15.40103049778187,0.13776766609927088,0.0
20,0,0,1,27.292177093288174,0.4272808230275047,0.0
7,1,1,1,34.43322698851026,0.18873480721774283,1.9724421559941483
21,0,0,1,15.465249918797765,0.20483006470600337,0.0
13,0,1,1,23.426458955587314,0.3288351083003781,0.0
18,1,0,1,21.238690778681697,0.3659211321640834,0.7299407538537939
6,0,0,1,16.25956286728765,0.5769733069192785,0.0
21,0,2,1,29.377802697436124,0.7105526969527118,3.023725662688318
12,0,0,1,20.451698796844695,0.6334938467831663,0.0
10,0,0,1,37.292446188941405,0.23352430356056514,0.0
8,1,1,1,40.437836512900454,0.2548774292073638,0.338081789817975
17,1,0,0,31.367555480074433,0.890892324813623,4.708571306846862
21,0,0,1,44.45122027563424,0.6025170835577023,0.0
10,0,2,1,28.51435714411786,0.8829440496079201,4.673343301184017
19,1,0,0,30.401046306747467,0.434391860187887,3.3892847463227014
10,0,1,1,44.67653261873251,0.6529600066881914,0.0
20,0,0,1,21.946453078951464,0.5712970744491497,0.0
22,0,0,0,43.276378190307156,0.38721114083841635,0.504936490681112
19,1,0,1,16.285126653573396,0.5229238348302359,2.366614172672379
10,0,0,0,28.391606707895843,0.5522417891442388,0.4181367712241745
17,1,2,0,17.100105363991972,0.28069387728101075,10.414551646491951
21,0,2,1,36.87704228740929,0.3835093351390584,0.4017271137858205
21,0,0,0,33.25226807640053,0.8122687754562781,0.39846634004818876
12,0,1,1,36.19902790402789,0.9242094155087144,0.15069880290456572
9,1,0,1,26.23441199904051,0.4238146841907695,0.0
6,0,0,1,26.08445802094141,0.37627505398811634,0.0
10,0,0,1,16.35957836882684,0.2756774481146943,0.0
15,0,0,0,25.498348185889192,0.7106420517855231,0.7586909315045646
10,0,0,1,42.87865206786178,0.39078973149970353,0.0
9,1,1,0,26.37679611541347,0.9889745851892696,9.550205171414703
7,1,0,1,39.9410311866591,0.39311632185755796,0.0
15,0,0,1,40.269765142498024,0.4547224421043653,0.0
6,0,0,0,26.197234691377012,0.6430007765908313,2.1175779771609378
10,0,0,1,33.95966041188567,0.8215158638721745,0.0
18,1,1,1,17.86114806819176,0.5225667988110704,6.537610180036957
9,1,0,1,18.110357422028294,0.48039043041006246,1.4436059496700948
21,0,0,1,16.4597299098514,0.9960740502353275,0.0
21,0,0,0,32.43045280125328,0.10944427702595,0.0
7,1,0,1,27.78212932878291,0.9055587599661212,2.170053599244116
22,0,0,0,31.440970699927203,0.2342267433457637,0.0
17,1,0,1,30.632195715251633,0.8073327485880221,1.469441029579763
8,1,1,1,25.506089732721907,0.6561384038616682,3.9809072080921917
6,0,1,1,35.324202444704184,0.4076625569482829,0.0
6,0,0,1,37.75505642749172,0.8864874599689165,0.0
16,0,0,0,15.438847766330271,0.11161650518289279,0.0
10,0,0,1,21.217268993066348,0.3040215868674313,0.0
17,1,0,1,36.3970760425001,0.6102035166245824,0.3057185115970817
8,1,0,0,26.598605179015024,0.41638803404472824,3.2506228273490048
6,0,0,1,34.87451840824825,0.6493397457864949,0.0
6,0,0,0,25.408879792036753,0.12169917406780015,0.0
13,0,0,1,26.722654569889112,0.2048130374335413,0.0
15,0,0,1,19.76036621069055,0.21438661619659533,0.0
16,0,0,1,22.7469305899848,0.2703552813244085,0.0
17,1,0,0,33.16235272522762,0.5133982967204885,2.436284096634598
18,1,0,1,27.99489333945499,0.7769158295892141,0.5925342002366918
17,1,0,1,38.22908048833786,0.914984954136011,2.1860504818186053
19,1,1,1,40.577548648150284,0.8518352772558214,4.500814880084517
7,1,0,1,31.249392546502797,0.2771990845981152,0.0
8,1,2,1,37.74801876168178,0.4970354970075691,5.2148751576381915
22,0,0,1,24.2071353958371,0.2794704379826815,0.0
13,0,1,1,27.449136462002347,0.3380246350004717,0.0
15,0,0,1,36.38333028650493,0.5531922833606976,0.0
7,1,1,1,26.58635978451092,0.1612981222511703,0.0
14,0,1,1,32.65514805476967,0.29635689663394593,0.0
12,0,0,1,20.561183372475345,0.9418403451764056,0.0
9,1,0,1,32.993139449114935,0.5195046633926401,1.1580969186401147
18,1,0,0,40.84541121680681,0.500847873380085,1.9422407217726252
16,0,0,0,41.05918919470277,0.11311043927615101,0.0
9,1,0,0,36.73033218988619,0.3226597723525112,2.163689285020726
9,1,0,0,37.37260137228378,0.8796631923839632,4.290941629797524
15,0,0,1,31.73782335452102,0.24816558543280187,0.0
10,0,0,1,32.540042704974745,0.47361244558124893,0.0
14,0,1,1,19.00951744231554,0.11289781528030113,0.0
8,1,0,1,28.315775652639033,0.5305019335035003,1.0294924171102429
22,0,2,1,28.523288516590917,0.11891899605359545,0.4660534951667291
8,1,0,1,43.754935070032204,0.8376485977592198,0.11478372616234941
21,0,0,1,27.93260587869868,0.8423683907383932,0.0
9,1,0,1,31.48027934708273,0.8089679694721329,1.2279185892644713
22,0,0,1,30.997541978373075,0.3550276620020064,0.0
12,0,1,0,34.10285151132982,0.8535134963996363,4.155936779124691
10,0,0,1,37.44698493995688,0.5886983193447424,0.0
17,1,1,1,21.751256285126164,0.4364272979803022,2.5844181945613665
22,0,0,1,30.861732572953073,0.6627969637338097,0.0
18,1,0,0,39.77753121948091,0.11110694145433661,2.377400345375525
8,1,0,1,28.893441415125345,0.22866478984067695,0.0
14,0,0,1,23.35372639120719,0.7680641843532365,0.0
22,0,0,0,34.64127226068897,0.31974544784453773,0.0
22,0,0,1,39.71302187397369,0.6382082055958747,0.0
21,0,0,1,16.89420878782174,0.44659234254072666,0.0
18,1,0,1,38.30371450221681,0.8693252009193353,1.565104980183823
22,0,0,0,39.64943798885314,0.9571737753969792,2.5936123465736283
9,1,0,1,28.845687827658203,0.8952082555331714,2.478984303172413
17,1,0,1,44.49916970455402,0.343557995224237,0.0
14,0,0,1,38.601250221219274,0.27474658214147407,0.0
17,1,0,0,38.20987694686997,0.5269914042586615,1.005383369431408
14,0,0,1,37.43515723236216,0.10660073575256225,0.0
12,0,0,1,19.51824309654822,0.12322845357686357,0.0
19,1,0,1,21.516926593590323,0.5979615756607001,1.4914438810816482
20,0,0,1,28.919703943932753,0.5684044637487574,0.0
21,0,1,0,22.920130498783976,0.9951237901317339,3.7468106120480327
10,0,0,1,27.457229170021215,0.28165765182738234,0.0
8,1,0,0,41.65392329768762,0.3322935362444216,0.0
17,1,0,1,39.729806756378075,0.20218657809365803,0.0
9,1,0,0,33.90119635439947,0.9257887086883703,4.374221766883911
21,0,0,1,40.7436118275331,0.8000301200126057,0.0
12,0,0,1,38.51317167051748,0.8401052003111628,0.0
18,1,1,1,27.869547955226714,0.9124874091680578,5.531129954168047
15,0,0,0,21.031954561498353,0.5724099880532545,1.5547101137704833
12,0,0,1,30.42603120028018,0.5060738723056514,0.0
19,1,0,0,37.0868664758565,0.3973523262990548,2.2073585081295404
10,0,0,1,28.09258796188779,0.63029315291307,0.0
8,1,0,1,35.00315729351692,0.5088505571108403,0.0
16,0,0,1,17.82982278873131,0.5064090279450176,0.0
16,0,0,1,37.44014209114211,0.943235077358025,0.0
20,0,2,1,39.38140859679186,0.9856283628512171,4.20601829794116
17,1,0,0,36.20513567341624,0.8168359503966227,3.914746824836188
14,0,0,1,44.01790762579097,0.7810822812222354,0.0
15,0,0,1,39.79956172381921,0.7125023456011913,0.0
17,1,0,1,42.09281183629615,0.24946736710016235,0.0
22,0,0,0,43.00713250372944,0.15319523878808908,0.0
11,0,0,1,39.040439756214255,0.7216536836019368,0.0
12,0,1,1,35.22776526019497,0.7559076000309184,0.0
19,1,1,1,15.171557440823678,0.14227569198832582,5.786863994321943
18,1,0,1,28.97477259669374,0.9352465752059633,0.8143133829467746
13,0,1,1,32.13486895867083,0.1820265755002098,0.0
15,0,0,0,24.12090817343999,0.3573104803940822,0.24401269127420266
14,0,0,0,24.54313340710416,0.7051508315188341,0.938418936243665
7,1,0,1,43.834782471304955,0.2528853349640287,0.0
10,0,2,0,41.751325956082376,0.14987429959802,2.9546299562797627
10,0,0,1,40.47537016505113,0.39803184024773486,0.0
11,0,0,1,27.18035405118332,0.7893744173696612,0.0
13,0,0,0,15.410956512267436,0.47231081108673434,1.89154148493496
21,0,0,0,17.406667393671423,0.6876756297171454,0.40926122362928496
18,1,0,0,24.36589104652811,0.621657187505323,5.230602794037965
6,0,0,1,15.47228738987031,0.11999663382302238,0.0
22,0,0,1,15.514493457455943,0.989685988341136,0.0
12,0,0,1,42.49809904927233,0.137285279937449,0.0
18,1,0,1,36.18475506357162,0.9710224638836366,0.7529107084
9,1,0,0,24.26867970204458,0.5948777605279584,5.010263549139635
9,1,0,1,18.979337328028596,0.9668431243585599,0.3903530579083285
11,0,0,0,30.349071536852314,0.2032782394724519,0.0
17,1,0,1,15.160384825630933,0.541367667266962,1.8102761947474302
12,0,0,1,43.15241231574432,0.2525536826794528,0.0
15,0,0,1,27.444453581668416,0.14587738932019817,0.0
12,0,2,1,27.070048657119983,0.6557762035560804,1.6983197601362745
8,1,0,1,26.717808227453467,0.2870050788655223,0.0
18,1,0,1,17.07984991163294,0.6289273164587913,2.405226661084624
18,1,0,1,34.149667193754794,0.20112803375408705,0.0
13,0,0,0,36.9901085888506,0.3987878242894325,0.0
14,0,0,1,35.28376192764871,0.8034693022479225,0.0
12,0,0,0,19.15306479988183,0.49334636965796885,1.3037502613290983
6,0,0,0,32.36520504106778,0.6649708734076027,0.44722362287808787
8,1,0,1,32.08453452516761,0.6827121466709913,3.6682157371449033
18,1,2,1,41.05232363824146,0.8593795395885643,7.767322802944574
22,0,1,1,26.37382975126941,0.39243051496597714,0.0
6,0,0,1,26.14457830978303,0.7185660063242658,0.0
11,0,0,1,33.55581176154557,0.9654542263415491,0.0
11,0,1,0,33.992179604985395,0.7572190009220813,4.882290706587237
17,1,0,0,29.07855681977371,0.5408834290459701,3.632170698179574
18,1,0,1,28.291780869912632,0.6676457000427363,0.8918358394852858
18,1,2,1,29.82443011913648,0.7657146079867974,7.487483554627271
20,0,0,1,40.83135898509936,0.6510481891244851,0.0
21,0,0,1,28.835007037617302,0.11500823214085525,0.0
16,0,2,0,43.19795375909467,0.27529614791850326,3.3006575019587303
10,0,0,1,30.120112907889784,0.8294213954939195,0.0
9,1,0,1,43.47602079542674,0.3453855825812362,0.0
8,1,0,0,39.984957056072275,0.7584059076050206,4.4682623784813815
20,0,1,1,25.87293967847487,0.43490819371752887,0.0
14,0,1,1,40.909242638898476,0.5696958953421488,0.0
22,0,1,0,18.301898526033455,0.16117596983746335,1.7256315407920735
19,1,0,1,42.751415260290436,0.2631030049447386,0.0
20,0,1,1,33.94930545248675,0.9614772671673111,1.6406916196763282
6,0,2,0,16.631722455669337,0.9011242481022226,7.77579286188637
8,1,0,1,34.32770170952435,0.6870475998091452,1.604843248763892
21,0,2,0,44.22742962434268,0.5136801376471637,3.9791803388535287
16,0,1,1,17.094019638438866,0.7081851636057014,0.8617271595584708
17,1,0,1,31.64063129340259,0.656749260184545,0.0
15,0,0,1,37.43383049278117,0.6116970300441509,0.0
21,0,0,1,39.30775760098594,0.15325936467718765,0.0
13,0,0,1,27.414823959623874,0.6695223495953562,0.0
11,0,0,1,21.12499677504729,0.7920280401140515,0.0
17,1,0,1,16.270268363171514,0.994673489181018,4.454925254938116
13,0,1,0,32.391784712916746,0.10997069733487871,3.086959131535777
9,1,2,1,28.587332108028324,0.757156107979609,7.466739086427063
13,0,1,1,43.462331854491325,0.6146103843423825,0.0
10,0,0,1,16.818147231447295,0.490646958472861,0.0
14,0,0,0,35.56186030338017,0.2148131571142338,0.0
9,1,0,1,15.748986663601714,0.46817663377138863,2.501333153249682
22,0,0,1,20.143025301316282,0.41893946468752175,0.0
14,0,1,1,28.607369997685023,0.372546900080868,0.0
6,0,2,1,28.646173284086046,0.757791660989987,5.8885534175405505
18,1,0,0,35.57101628800932,0.7306529691558374,4.422927694639763
21,0,2,1,42.3063910460327,0.6301180818828204,1.880268024691171
18,1,1,1,34.17096476744763,0.9447983319640351,7.051120363011492
19,1,0,0,43.606052935545264,0.414868945762769,3.4531951560875305
8,1,1,1,41.44846919633993,0.3194217439391616,1.7333992758939756
11,0,0,1,32.53499386592371,0.6903129817885596,0.0
10,0,0,0,40.01375852756482,0.2789326548436627,0.0
20,0,0,1,34.27732830970902,0.38350945646508217,0.0
7,1,0,1,17.356734927711813,0.30214219606739634,0.5618303851099976
15,0,0,1,37.2169416977853,0.1622382109466511,0.0
18,1,0,0,17.847253238020386,0.8447488674721061,6.31223641918008
10,0,0,1,32.82248341709138,0.3290864886294951,0.0
6,0,0,1,36.07920617574686,0.5257247530087187,0.0
6,0,0,1,16.995828246325658,0.13898374592888077,0.0
20,0,0,1,21.923839617795952,0.7294055196273788,0.0
22,0,0,1,42.470166967849494,0.3975049020756618,0.0
16,0,0,1,33.48943476698689,0.770263055046289,0.0
22,0,0,1,22.388580564315948,0.4711627544210796,0.0
18,1,0,1,35.7203931344402,0.27618004576506217,0.0
6,0,0,1,32.90329259885069,0.5618575740538323,0.0
7,1,0,1,30.04727099753845,0.21745410367369583,0.0
14,0,1,1,44.28560924964251,0.49648524388569526,0.0
8,1,0,1,35.50361332222526,0.38557492967843787,0.0
6,0,0,1,26.26323329003738,0.9207636257796699,0.0
21,0,2,1,39.00220296230604,0.15483584954864796,0.35456730637939293
11,0,1,1,41.537498787635634,0.7246156726951678,0.0
22,0,2,1,18.756616785504942,0.2644760493886923,3.0412943888472928
10,0,1,1,21.016589335357995,0.3871405668990159,0.0
10,0,0,1,21.48681027383339,0.47396265675585936,0.0
11,0,0,1,35.736354281596206,0.9172135804374768,0.0
8,1,0,0,33.0911866515985,0.3183204394664426,1.4637194249613423
10,0,0,0,33.56974694095764,0.1821779222902032,0.0
10,0,0,1,43.22319899068503,0.3868206435914713,0.0
15,0,0,0,38.27734598421918,0.19420837348198,0.0
15,0,0,0,18.838107735353496,0.21573683736449728,0.1368763302237015
22,0,1,1,25.425212472755433,0.616465538177524,1.1072233966444764
19,1,1,0,28.06180938527207,0.154811739789544,5.521577685677361
14,0,0,0,26.878847662428146,0.12783779325420944,0.0
19,1,1,1,35.07925827485637,0.742972691323448,5.767897065594115
6,0,0,0,41.75679309769688,0.42548238535694005,0.0
18,1,1,1,24.18154390568364,0.21283781431048596,2.3669514891279593
18,1,0,1,31.556314092635567,0.3282514937737374,0.0
9,1,2,1,38.68228265740757,0.6778778566171592,5.682852950881591
6,0,0,0,27.486541765360478,0.3479829104267661,0.0
22,0,0,1,20.043543851978875,0.5450690126083672,0.0
13,0,0,1,29.24852895791245,0.20952577605400508,0.0
7,1,0,1,16.656675622290855,0.6292842738449023,2.66222319240478
13,0,0,1,43.2715036200683,0.3844699154589377,0.0
12,0,0,1,17.244636155849193,0.6642715910758449,0.0
7,1,0,1,28.153701457517343,0.8275553940736206,1.4810787048528415
8,1,0,1,30.896437832655785,0.6504817774509932,0.6512138057627396
17,1,0,1,44.55911496861856,0.36617280633551863,0.0
6,0,2,1,19.980654709285822,0.3301693313934704,1.512192433289676
17,1,0,1,18.432945558370758,0.39467886286010323,0.0
10,0,0,0,15.261184411876307,0.24815846191285437,0.5580039782380926
22,0,0,1,19.66714310607907,0.26305466576501807,0.0
21,0,1,0,21.21818937203003,0.8116219917101511,5.854841845141417
20,0,0,0,33.917428247492765,0.44625931885670045,0.0
20,0,2,0,21.59120371174201,0.4923956625135273,5.842943614257762
10,0,1,1,15.615624441879756,0.6346445190101301,1.9932451352512386
19,1,0,1,39.79855036507466,0.6306881456363929,0.0
7,1,0,0,25.967871030119003,0.16063918436973318,2.0477353133575136
16,0,1,0,25.610900597422017,0.848386707703899,5.933210575438068
12,0,1,1,24.074370875037797,0.2595938979015455,0.0
11,0,0,1,44.26119831439263,0.7507644724447019,0.0
7,1,0,1,20.103462519278445,0.7954038893153499,2.955466510175553
11,0,1,1,41.947141918597055,0.7434095806821823,0.0
7,1,0,1,38.30409996419664,0.6210798818987306,0.022302394213606164
20,0,2,0,17.294398664979393,0.11314809739799458,3.3367090696338497
7,1,0,1,44.60187304502546,0.4243379431268536,0.0
11,0,0,1,23.140978906170318,0.644355486426323,0.0
6,0,1,0,17.95748781067237,0.4487061663302848,0.7775360531573767
20,0,0,1,39.879427023772784,0.8771319054215317,0.0
15,0,0,0,36.20026601033099,0.3779220478146539,0.0
22,0,0,1,33.51656417633703,0.36418131321279446,0.0
10,0,0,1,19.679425910967993,0.3393979237833922,0.0
9,1,0,1,29.354883487678855,0.399502782064716,2.2361294540417123
15,0,0,1,38.41668080661641,0.6016644678827685,0.0
22,0,0,1,24.10871814431521,0.7363137648453317,0.0
15,0,1,0,24.350694855451245,0.6963111259649066,5.732789718482273
22,0,0,0,15.094227181443664,0.8269460379833317,2.2815173343320327
10,0,0,1,20.227302049361384,0.8973225959476824,0.0
7,1,0,1,41.26216875365503,0.8344711381090162,1.7634285491023456
11,0,2,0,28.252394749131213,0.11705086303691913,3.6065033764782775
7,1,1,1,44.52703497703302,0.7623261581967898,2.6178730429639785
18,1,0,0,26.871238907213776,0.28755961625649845,1.478279213355896
16,0,0,1,36.45559364340724,0.21963523843718438,0.0
16,0,0,0,23.457571287141874,0.674639906319222,0.7666725566258541
21,0,1,1,25.914289234228004,0.38776887586692543,0.0
16,0,1,1,20.72177962772684,0.15140544703339895,0.0
20,0,0,0,25.41187105498185,0.2238667609585252,0.0
21,0,1,1,31.417125612619294,0.10083647518296496,0.0
16,0,1,1,44.75318642937748,0.9129012646102366,0.0
21,0,0,0,34.92605139215357,0.12215618545711474,0.0
13,0,0,0,20.977378632249422,0.28851019255856,0.0
9,1,0,0,16.348843247746533,0.4746365026191166,4.267574780117078
13,0,0,0,18.790694439435317,0.4209141933557372,0.0
9,1,1,1,31.87665603819142,0.9205532892214981,4.580948460834016
8,1,0,1,37.95480986450299,0.13626005116108791,0.0
8,1,0,1,43.21257621902241,0.5609932369093464,0.0
10,0,0,0,15.474695159904625,0.7124315162719366,1.6239296523047004
15,0,0,0,30.682804246856094,0.938528176313052,1.410523033741708
11,0,0,0,29.126020686695306,0.658334126911349,1.6918416838772734
6,0,0,1,34.68165065927112,0.8233797124105864,0.0
10,0,0,1,31.78736563396026,0.17535244406081357,0.0
14,0,0,0,35.61117451747442,0.44734555984323465,0.0
17,1,0,1,34.74247754247571,0.43655242103116076,0.0
19,1,0,1,18.510351745738387,0.8976593948101459,3.022125195985594
7,1,0,1,38.991537408561584,0.23623405413694745,0.0
22,0,0,1,18.696977271489747,0.23669755510296725,0.0
19,1,0,1,35.955918756274116,0.3957023348972186,0.0
18,1,0,1,27.4843610292182,0.14901944263015382,0.0
14,0,0,1,30.415522037297936,0.264212236587241,0.0
20,0,0,1,42.098940431271316,0.9686886746911616,0.0
20,0,1,0,41.696511794204596,0.48536554588045555,0.25247945032754404
16,0,0,1,39.53568916965089,0.6688172875801928,0.0
21,0,0,0,30.304451413689698,0.7535001334101732,0.08519339164793682
22,0,1,1,37.08719430401499,0.43026526630648043,0.0
9,1,0,0,30.38691166556428,0.23250436696946528,3.175293987299017
6,0,0,1,41.088182474243325,0.28592291459960273,0.0
13,0,2,1,27.083274996986997,0.3819398289225493,1.6068893307695595
22,0,1,1,44.1070603324463,0.672461578317003,0.0
8,1,0,0,42.969682746866326,0.458452494180149,2.1532517989950657
20,0,0,1,37.248078583553564,0.10613322811011532,0.0
20,0,0,1,23.382476525282158,0.5710664665607247,0.0
19,1,0,1,18.949607663797753,0.929362052716676,3.041338160603864
19,1,0,0,40.64110350279593,0.8308698499078111,3.957060758991781
7,1,0,1,19.959068584138837,0.842690234133668,3.3387792648284513
18,1,0,0,40.627823669920076,0.8155522158455181,5.303601840073676
19,1,0,0,29.722950201370814,0.3913577430493813,3.0581102047385222
12,0,1,1,27.196703514243126,0.7886744503789528,0.586038070110167
8,1,0,1,42.095723365032875,0.2288452220300737,0.0
20,0,0,1,33.11552947620834,0.6919445325483582,0.0
19,1,0,1,32.29842021389153,0.6774117100164949,0.006916518696867602
16,0,0,1,31.76297833873193,0.12301281918076121,0.0
20,0,0,1,26.135085480585943,0.8091731202318384,0.0
18,1,0,1,38.56929310587382,0.9129232945856175,0.9670491079706346
11,0,0,1,22.583953320473192,0.3406737506248969,0.0
8,1,0,0,43.16684880123825,0.8311516517675358,2.0276212949513144
20,0,0,1,41.81955615140882,0.17416537467575338,0.0
10,0,0,1,25.124409770246945,0.6399710724349594,0.0
15,0,0,0,36.88391309494991,0.5370821788008494,0.0
12,0,0,1,32.196695833487745,0.5913311799781,0.0
22,0,2,1,25.129479059977037,0.9335846816959106,5.530499109660461
12,0,0,1,44.6556494398634,0.8841837225221681,0.0
17,1,0,1,15.757120375447926,0.8065752915157813,2.154737225611304
22,0,0,1,22.5793809186386,0.3463286119105339,0.0
18,1,0,1,30.60222183333451,0.9206367658174824,1.3104339619266887
9,1,2,1,30.658590104356918,0.18775692321748771,4.344642956944635
15,0,0,1,32.66799224836693,0.867996294902909,0.0
8,1,1,1,37.55028516068758,0.39534406511824705,1.7600858177611278
14,0,0,0,33.70433491557889,0.14839508049578504,0.0
18,1,0,0,33.008443815841105,0.7024212858166735,3.496305197403199
20,0,0,1,16.6054338873913,0.30815193548435993,0.0
9,1,1,1,26.29590863367895,0.31921401327816873,2.466578224874769
20,0,0,1,21.96167219103468,0.37544244960589435,0.0
7,1,0,1,22.96110334805926,0.15731629075226505,0.0
20,0,2,0,31.630124230210345,0.25941442977842866,4.232022990347235
13,0,0,0,20.985159447888254,0.10462566482700428,0.0
13,0,0,1,23.818473030506926,0.5008685689952082,0.0
22,0,0,0,22.112541255520203,0.17582983967617416,0.0
17,1,2,0,43.45508829654584,0.7143873445397791,10.104575828382842
15,0,0,0,43.339971965132854,0.31206056607248356,0.0
14,0,1,1,33.29824675788155,0.9492167296316594,1.508027795928021
10,0,1,1,42.735674061957,0.8841264646587873,0.510435378938575
11,0,0,0,38.5743793640512,0.3604968054713874,0.0
7,1,0,1,32.69843648405426,0.8048939091910109,1.0491608779209027
18,1,0,1,15.193056344903871,0.8229204141983256,3.4764641439918416
11,0,0,1,38.17548858238212,0.9879068027029694,0.0
10,0,1,0,36.07465024765406,0.6380559881611164,2.653920485334101
6,0,1,1,33.457609598472416,0.17376916117929597,0.0
11,0,0,1,37.81272935047415,0.6821535060337428,0.0
11,0,0,1,30.38766494324297,0.6624817735384316,0.0
21,0,0,1,36.12249813964017,0.6745155196783886,0.0
9,1,0,0,43.0551626017948,0.3764310832937904,1.0907443321640904
16,0,0,1,26.27415047538259,0.8737116265722996,0.0
14,0,0,1,36.24365504701876,0.9635249646598707,0.0
8,1,0,0,29.27063454032876,0.2959412616803364,3.492317102396708
13,0,0,1,35.23198955441944,0.17933694232298003,0.0
10,0,0,0,37.886800066630926,0.2750815298516357,0.0
9,1,0,1,16.363575013073877,0.8384969253301469,3.196420536023643
11,0,0,1,34.39801331845986,0.7089801713378627,0.0
7,1,1,1,21.802235532208336,0.672442608105214,6.668660751878545
16,0,0,1,35.100976134227004,0.4616138215984821,0.0
9,1,2,1,29.049905578014403,0.6200451743602922,6.8139694022085155
20,0,1,1,38.206582255946614,0.37708671274693073,0.0
11,0,0,1,18.70202445616789,0.5294800714761652,0.0
22,0,1,1,33.78967054968585,0.8137567255335904,0.0
11,0,0,1,23.35412186782657,0.9831174377099159,0.0
7,1,0,0,40.589459859917746,0.9392400312308217,3.8382993980446702
20,0,0,1,42.85150516908922,0.940479348561624,0.0
16,0,0,1,44.89194881037166,0.4620013613624011,0.0
13,0,0,0,38.8802220728185,0.5219108924561119,0.0
18,1,0,1,37.61202211284014,0.7350718567320834,1.919639357087749
17,1,0,1,21.465022766026532,0.9299727352461559,3.6185358378167987
10,0,0,0,25.08021176970326,0.2277948334168762,0.0
11,0,0,1,28.970476252868387,0.37381767744447625,0.0
9,1,1,1,38.20143143346749,0.22532216013469858,0.9215837271124182
6,0,0,1,42.448975952339055,0.6508076769635098,0.0
22,0,0,0,20.67417300068954,0.37567089719878377,0.0
17,1,1,0,42.67102454010309,0.39349706726131617,6.6020186531282405
20,0,0,1,35.86873957062174,0.16382436353918134,0.0
6,0,0,1,33.32312192055116,0.4148164556268328,0.0
19,1,0,1,20.995238138458184,0.8762468566614268,3.488098869763539
11,0,0,1,16.665750984274517,0.3097655307017515,0.0
10,0,2,0,32.053946955238196,0.7256687195890591,8.003490743029845
16,0,0,1,34.545470499866774,0.6666655104447334,0.0
9,1,2,0,21.32344348064065,0.8771361475322038,11.534445974427332
18,1,0,1,31.69368617476369,0.21905915288593442,0.0
16,0,0,1,40.6948020828772,0.9798309643105388,0.0
8,1,0,1,40.051978363650605,0.624365781436329,0.0
6,0,0,1,42.82065541758892,0.9959267371121329,0.0
11,0,0,0,25.976574286706413,0.9203632532792657,3.267919999627468
15,0,1,1,24.54148717652756,0.29936554490179523,0.0
10,0,1,1,37.48278017942426,0.1505458089129818,0.0
15,0,0,1,27.93337215291015,0.3300751844158254,0.0
17,1,2,0,17.62645992083342,0.5748072840994779,11.380009138829877
7,1,1,1,23.484033920114992,0.254436730358671,1.2538872341565677
18,1,0,1,27.557468565944674,0.25071377006618967,0.0
13,0,0,0,23.77549276428756,0.5163341923946378,0.13096208956296757
7,1,0,1,24.96616712841965,0.1299411740524226,0.0
6,0,0,1,23.813277185231723,0.20969927427904342,0.0
10,0,0,1,16.244975015492383,0.47427520546715285,0.0
14,0,0,0,34.11284102473327,0.15681691828716982,0.0
22,0,1,0,32.91877261060408,0.4570795508099764,1.3480959889949211
14,0,0,0,34.60150495436042,0.5266056393536006,0.0
16,0,0,1,20.769296881008824,0.506139952665803,0.0
20,0,2,1,23.869636248374558,0.8822573716627786,4.141279069751982
11,0,1,0,33.58847780834767,0.5770562095465592,3.489616009750846
8,1,0,1,32.98882705379764,0.5211824162302391,1.2213244817758526
22,0,1,1,30.189909280628036,0.46963832085249957,0.0
10,0,0,0,25.512397500305923,0.8358610404740375,0.0
17,1,0,1,42.387930143240695,0.9055509435998498,0.14698804137334565
19,1,0,1,25.193107268965313,0.8679182222774058,2.1416282654583023
16,0,0,1,28.66857469311755,0.7061919203182517,0.0
14,0,0,1,35.34341492862626,0.22362557137180683,0.0
7,1,0,0,31.290642926002924,0.34918297254281105,2.4254206008812127
17,1,0,1,25.406579290931568,0.1414567573137797,0.0
8,1,0,1,28.069343713695297,0.9377416674911027,2.390424143394902
8,1,0,1,38.83442453560518,0.6947186767218193,0.0
6,0,1,1,23.343874664598374,0.7717265958819174,0.5639631622329131
13,0,0,1,19.267657193304462,0.3804145656240061,0.0
13,0,0,1,24.394896054893312,0.8610881700496081,0.0
16,0,0,1,40.486026464637035,0.33364295533763066,0.0
14,0,0,1,17.6696914456904,0.10147938140120472,0.0
10,0,0,1,44.75088220117355,0.43877346626862457,0.0
19,1,1,1,31.230086967829877,0.6136853328631661,3.5655368506079648
8,1,0,0,44.54537231901282,0.5308343721689703,1.3996415342485327
10,0,0,0,43.16989266257933,0.8758685283189374,0.0
10,0,0,0,28.584411426327502,0.19486475736055026,0.0
19,1,0,1,20.954732238160474,0.598441096570353,2.462156691311976
9,1,0,1,19.946543296954154,0.5616814148388167,1.040258443967936
18,1,0,1,22.199680916098725,0.3532536839549467,1.110243774392924
15,0,0,1,36.30397921693611,0.8400053013193095,0.0
13,0,0,1,23.188499841944633,0.7775637902939857,0.0
13,0,0,0,25.24275808812895,0.7595732685986478,1.524697133181864
12,0,0,1,28.463364119838445,0.8885732304426004,0.0
13,0,1,1,42.396980412643686,0.750506140559369,0.0
19,1,1,1,20.681802536545383,0.3086571625432538,3.0491349114029687
11,0,1,0,15.150796578294093,0.735006440484722,4.608495236239122
6,0,0,1,16.802892311345104,0.3769325320508595,0.0
20,0,0,1,42.14299025040354,0.3179571853127235,0.0
6,0,0,1,34.42549394530089,0.1657032336096646,0.0
22,0,0,1,23.191218579834203,0.769625722312909,0.0
6,0,0,1,20.315775030335733,0.73990086575483,0.0
20,0,0,0,23.82800209911343,0.3110495299066844,0.0
7,1,0,1,18.443907817538403,0.7744411150517404,1.9801566881334778
19,1,2,1,43.24598730853323,0.9260567947841978,7.025342500225721
13,0,0,1,38.526185230958006,0.19722606174242135,0.0
13,0,0,1,28.87173530737622,0.3093729745480975,0.0
12,0,0,1,40.94887815345606,0.775234714678584,0.0
11,0,1,0,22.48374612879697,0.34705600615637044,2.716456558163696
11,0,0,1,36.513617054165806,0.6621975768553451,0.0
8,1,0,1,40.68397497041231,0.17304780201734307,0.0
12,0,0,1,25.703061348698178,0.5069822311931849,0.0
13,0,0,0,37.72393336352153,0.7651822797936577,0.9226133488614596
15,0,0,1,23.85217047792928,0.7178625487389273,0.0
20,0,1,1,23.965714057770924,0.8335648906082261,0.0
20,0,0,1,18.211715356625582,0.889706913942852,0.18189879741111792
6,0,0,1,28.201741395281964,0.7958651511328824,0.0
12,0,0,1,36.89135719492266,0.7044289686450333,0.0
9,1,0,1,43.20662416713855,0.12855024263442805,0.0
11,0,0,0,33.11390975787288,0.5814700060684996,0.0
6,0,0,1,40.89406613207217,0.13392795242336752,0.0
10,0,0,1,39.674839478706815,0.8272610354044203,0.0
6,0,0,1,20.200291589258427,0.3886520720139618,0.0
9,1,0,1,29.574522867378946,0.6061864367061288,0.03000713796321408
7,1,0,0,18.507706065761745,0.3515007765870124,5.038543437574311
15,0,0,0,35.46459484684905,0.8042501299422642,0.5896435645891256
10,0,1,1,43.49699004738228,0.8978522739777123,0.13143557759231822
15,0,0,1,19.112683742362695,0.45877824479175755,0.0
6,0,0,1,37.016493924076244,0.8766301541598901,0.0
11,0,1,1,33.967144526035824,0.34036750671069915,0.0
18,1,0,1,32.50815111024299,0.5811948307679714,0.6297924968297313
20,0,1,1,26.703607040650176,0.8728852868548336,2.661228399860412
9,1,0,1,25.653949432614375,0.39329320835421133,0.19059130782597128
18,1,2,1,16.357475670566636,0.9586380385702772,8.756587719361539
20,0,0,1,21.537261247560405,0.20969155160324526,0.0
13,0,0,1,15.455306468604807,0.11644756275115561,0.0
10,0,0,0,32.44251316746062,0.9137218173203716,3.3829595162561055
20,0,2,1,18.175597076337265,0.16178379953308503,1.745327250932642
9,1,1,1,41.19058182089148,0.9927002763527425,3.7589682084504954
17,1,0,1,30.694290620914956,0.9562571757811955,2.9824980424608594
18,1,0,1,35.99069727176125,0.2233188190326886,0.0
7,1,2,1,27.325712755214894,0.5838261631233093,6.76681052980683
9,1,0,1,31.81739427003146,0.26642826772042993,0.0
9,1,1,0,43.279775308998914,0.4853396557271079,4.976285934932235
16,0,1,1,17.48202118871012,0.15528261633384943,0.0
10,0,0,1,22.618133157710886,0.3015321290169306,0.0
16,0,0,1,38.39964980731633,0.4269455167590096,0.0
15,0,0,1,17.962116206479976,0.49478275022144935,0.0
13,0,0,0,17.269833117123326,0.9797466323880039,2.248277433385853
11,0,1,1,25.846241962621157,0.8270790811155831,0.0
11,0,0,1,17.76503875417297,0.7636689498807515,0.0
13,0,1,1,32.55235326618609,0.5833371832677768,0.0
20,0,0,1,21.788257524497993,0.8559979845439091,0.0
19,1,2,1,41.87093889598117,0.40539055209013997,2.51030382442012
16,0,0,0,38.5050024253577,0.7380092014959845,0.0
17,1,0,1,35.991156182984284,0.9944055778403549,1.7446132764301476
18,1,0,1,33.50832082153506,0.38316601804167894,0.2193475828203948
13,0,1,0,40.9039719102439,0.7066157813955706,2.2899371481409436
6,0,0,0,21.691861846282706,0.8598833777371442,1.3608696553294193
20,0,1,0,41.19326528292683,0.924226825015605,3.650393825868402
13,0,0,0,38.68476895272157,0.7461394218460916,0.0
16,0,0,1,37.444824791630566,0.3552471310754226,0.0
17,1,0,1,31.837670342247723,0.3936539364120518,0.0
17,1,0,1,22.387324829118,0.1186822289115678,0.0
9,1,0,1,27.70643747975689,0.7847973799043587,4.133194686454042
21,0,2,1,38.807119636164046,0.13846564545575624,0.17159770393598972
9,1,2,1,15.953354530719734,0.8781871191424712,8.70188408410502
10,0,2,1,38.461523077912744,0.20679455302708494,0.7960872801730816
10,0,1,1,22.202122214626996,0.25468886092233184,0.0
13,0,0,1,19.32927602164809,0.5288738237490136,0.0
15,0,0,1,18.471039545409063,0.7640923736518681,0.0
22,0,0,1,15.817500358524454,0.22510198467916992,0.0
14,0,1,0,30.707594556643585,0.4960639675598486,3.0893807279638543
19,1,0,1,21.547796180811886,0.5345661469690943,1.1555706894879678
13,0,0,1,44.68295297338895,0.2910570775017322,0.0
14,0,0,1,32.23310267616617,0.20400253901256857,0.0
16,0,0,1,19.136558080680313,0.8527788306870756,0.0
6,0,1,1,35.66287622434096,0.552219084786489,0.0
19,1,1,1,41.93230699529176,0.11294311238573768,2.4552917112171793
10,0,0,1,37.35538486108843,0.8226831711781935,0.0
19,1,2,1,17.29319583118343,0.9827144248731263,9.903897701530335
9,1,0,1,41.87652543577978,0.6453335758728226,0.0
6,0,0,1,38.81788157579894,0.5533375483756636,0.0
13,0,0,1,19.74911700316843,0.8905742767404655,0.0
20,0,0,0,16.553576661984508,0.9572651107161387,3.7955114299354595
20,0,0,1,31.719317259429253,0.7790832243122144,0.0
14,0,2,0,19.68107434019931,0.500907636760859,6.1639764377351005
14,0,0,1,40.03772857785816,0.6329992593982964,0.0
15,0,1,1,25.75003970015021,0.7308418285161993,0.34187986876944926
14,0,0,0,42.38677334209726,0.2748462139016213,0.0
8,1,0,0,31.970645164230174,0.5024809289947942,2.1178594424453108
16,0,0,1,20.480171527190045,0.8468391382455565,0.0
11,0,0,1,19.187966020794,0.6892528136485987,0.0
7,1,0,0,32.294173126732616,0.47008366049066874,2.5351251628321325
12,0,2,1,37.856508355873316,0.6970262806132133,0.4077511476448732
7,1,0,0,38.44516943226546,0.2064001708652139,1.167622863291623
22,0,0,1,23.27272213323844,0.4613478495083887,0.0
16,0,0,1,21.127402767365027,0.8138156841667508,0.0
17,1,0,1,15.502689134771472,0.29845790842298325,0.0
12,0,0,1,35.37597453603508,0.26736535680167595,0.0
11,0,0,1,17.29704775300617,0.9557367939247883,0.0
6,0,0,1,27.622836052977775,0.28890786662760765,0.0
22,0,0,0,33.05046492054888,0.33482672168515126,0.0
16,0,0,0,43.11326834759031,0.9726543450139041,0.609718897016575
22,0,0,0,24.354064108673057,0.7612377132385231,1.5285370264855769
12,0,0,1,22.493164873395592,0.7296368797211754,0.0
22,0,0,0,34.62480462858295,0.8676337454691232,2.2003869694603715
14,0,2,1,33.57717096160745,0.20424077401311486,0.00787884559188845
22,0,0,1,24.963293499243736,0.7353606129220065,0.0
13,0,0,1,42.8430550652936,0.553319748395415,0.0
22,0,0,1,40.34586982468898,0.8462355762557259,0.0
12,0,2,1,21.719476375952436,0.5573275467986749,4.37930980802031
6,0,0,1,22.174276363035695,0.6582172188420209,0.0
18,1,0,1,30.369010406612418,0.5299679137595824,0.0
22,0,1,1,38.20716305192161,0.5303430312002597,0.0
18,1,0,1,16.32121138165393,0.7911729802556484,1.0833259718758566
21,0,0,0,35.8000546120412,0.6657097605825548,0.0
13,0,0,1,34.44707692146291,0.6699368814484694,0.0
6,0,0,1,21.94440287738965,0.5052542354483732,0.0
19,1,2,0,35.44059039724046,0.5779985467037748,8.349661597524628
20,0,1,1,43.20549573756248,0.7711458995843086,0.0
7,1,0,0,16.403575349153055,0.8433468272007264,7.733290291784726
22,0,0,1,24.589561658761877,0.7269052619296416,0.0
11,0,0,0,28.14530149999066,0.9316656899611148,2.7084354837094686
9,1,0,1,41.97781076774069,0.8382916793324808,0.0
6,0,1,1,43.8678433982747,0.6056774108285666,0.0
13,0,0,1,28.323457394889967,0.7042654653793632,0.0
12,0,0,1,37.50085236426574,0.9336774492290764,0.0
8,1,1,1,30.94983071293449,0.6572512398187526,3.4736549476288325
15,0,0,1,31.133488042241297,0.8423262531818476,0.0
15,0,0,0,23.342985451990693,0.7199294532309883,2.3635017486926104
19,1,0,1,21.508687375916384,0.5967427249544198,0.9530334486953734
7,1,2,1,23.640160377721234,0.31765437587381784,6.00888503326972
6,0,0,1,31.68984021771238,0.48339776752158536,0.0
12,0,0,1,15.87465558066267,0.9709685423503441,0.0
13,0,0,1,42.21746833069217,0.6919888449453401,0.0
6,0,0,1,19.688511286493288,0.6079558423050907,0.0
8,1,1,1,21.602660306141598,0.9396609629754046,6.959356833101016
13,0,1,1,30.54828529342939,0.6278606029337038,0.0
20,0,0,0,36.303442990118384,0.5734742665756627,0.0
10,0,0,0,17.871871642331918,0.7833797696351847,1.5253934026678941
8,1,0,0,24.530840926414864,0.74139905708789,4.2657252695621555
6,0,0,1,44.060238167230715,0.2738440075675895,0.0
20,0,0,0,22.870289003428372,0.5241774471167091,1.6493293806107077
13,0,1,1,24.391504351894405,0.5252638985376268,0.0
7,1,0,1,40.094954718541004,0.44040206371901036,0.0
8,1,0,0,16.50643295071366,0.5655641339370279,5.288503873120084
19,1,0,1,28.938395064269123,0.4717966579544298,1.1495592446693101
19,1,1,1,26.388502933550107,0.27941094052406484,2.6410056075666635
16,0,1,0,24.497602797259535,0.471129838547213,2.883070152279763
21,0,1,1,23.570987821342936,0.16504925281585894,0.0
9,1,0,0,17.741223145812278,0.6182072764969704,5.657781913029451
10,0,0,1,24.444774880549467,0.8682890940470007,0.0
19,1,1,1,16.291572081470058,0.7527583759190997,5.855319616578334
21,0,0,1,38.42891590933306,0.42435463604870016,0.0
12,0,0,1,26.94683381874035,0.17836408501957737,0.0
15,0,1,1,28.31711496959735,0.2819344593027437,0.0
12,0,1,1,41.80783759350395,0.5909413064453521,0.0
6,0,0,0,34.74164951583663,0.2863513750447296,0.0
21,0,0,0,15.241773100263593,0.5895758001564708,3.2111225462224224
9,1,0,1,43.29524468883855,0.308439122287509,0.0
7,1,0,1,22.114333979331334,0.8640314825284655,3.234022206942185
6,0,0,1,18.228425542795765,0.4575443255564138,0.0
20,0,1,1,38.04384535142647,0.320995563350042,0.0
10,0,1,1,30.014319476001546,0.8310935622223554,1.2030077805730888
16,0,1,0,28.013116980540527,0.4085550683249056,2.5661522252055597
15,0,0,1,22.48509239048225,0.20033891905490375,0.0
7,1,1,1,31.424144695869558,0.6133685422632774,2.7213071870638115
8,1,1,0,23.231538156077626,0.6234077839941898,8.105277897004118
17,1,0,0,42.04749015861203,0.7432261077121608,2.1290789135628394
10,0,1,0,21.456134391995782,0.31619748988754703,1.0990899216531855
10,0,1,1,41.5306545136726,0.4993942051830206,0.0
11,0,0,1,31.78216277182071,0.3541311271383907,0.0
14,0,0,0,39.85464401685723,0.17285836250411932,0.0
7,1,0,0,36.38537987582865,0.8889524443143024,3.7570977427296888
17,1,0,1,35.900853343102455,0.755982824039507,0.2873580934976267
8,1,0,1,24.730374230851673,0.3713167535129206,0.06809164681878171
17,1,1,1,22.016907944166103,0.6394356935847877,5.480042964471501
22,0,0,1,21.326586830423643,0.2811374093210252,0.0
15,0,0,1,40.71574971178766,0.9012129596161939,0.0
19,1,0,1,39.6128046077706,0.20341570902571926,0.0
22,0,0,1,28.217205840369218,0.10345343095702081,0.0
22,0,0,1,18.972138404893638,0.5518073779652639,0.0
19,1,0,0,26.46756755932375,0.6248150411075823,3.5951076536096314
14,0,0,0,33.580303624107344,0.6210687882662239,0.0
13,0,0,0,28.632094634398584,0.14906073469404368,0.0
7,1,0,1,38.40567805448985,0.3826394262265892,0.0
18,1,0,1,44.92868466754156,0.5492790521571986,0.0
12,0,1,1,20.733962653466904,0.2949212670645168,0.0
14,0,0,0,28.789524589787174,0.8853632969373068,1.5194561634146522
16,0,1,1,27.92951705762466,0.17839836051529062,0.0
19,1,0,1,24.134775982468526,0.5386459975048385,1.1490834104334708
9,1,0,0,20.942865501608686,0.7222744517618368,5.638132658528999
18,1,1,1,16.970763494689777,0.33557599012103423,3.9773852716861193
7,1,0,1,41.613579516710956,0.6618166632977663,0.0
10,0,0,1,27.595460930589528,0.8464466351281371,0.0
16,0,0,0,29.906865555001467,0.2713032775855428,0.0
11,0,0,0,42.508261446027475,0.9254985326423766,0.20109562413255497
15,0,0,1,38.28871432547844,0.5982026793961223,0.0
9,1,0,0,18.915037923515527,0.36930880387095455,5.000819378605586
14,0,0,1,31.962599028232273,0.4877724478440437,0.0
11,0,0,1,28.267568295586774,0.38097269540774914,0.0
7,1,0,1,38.91633217736288,0.7526000439399845,0.07236203988117451
22,0,1,1,36.726976428358476,0.816670597073619,0.0
10,0,2,1,35.71217165733216,0.8496436530867949,5.869759262224485
11,0,0,0,25.216345064396904,0.987191424627167,3.241482928561355
17,1,1,1,39.148911911977635,0.8121558632470152,2.4729042735719187
15,0,0,1,16.571738867845838,0.641245663619707,0.0
11,0,0,1,19.788747042965017,0.4052982685526054,0.0
13,0,0,0,25.068698189337354,0.5901359038396745,1.635678206573302
7,1,1,1,17.30422323207844,0.1369613555113649,2.5031236083777486
17,1,0,1,22.049828326040746,0.7703425679769218,0.0
18,1,0,0,39.904529489937545,0.5013599905828916,2.3390535807307957
12,0,0,0,43.447546133702375,0.11802090675896887,0.0
15,0,1,0,24.138070673225712,0.15625624735936974,0.0
18,1,1,1,22.935474119665145,0.448719817439581,3.474217827281581
22,0,1,0,23.396779567392805,0.6250793671165916,2.7723508712523532
19,1,0,0,23.331572620525314,0.517783554056914,2.420214097443723
7,1,0,1,16.07790546557919,0.6572838855629394,3.7831364614221794
16,0,0,1,42.80749038993324,0.5322648329122203,0.0
6,0,0,0,21.410944247109853,0.6955334609332121,0.6692881444987941
9,1,0,0,27.60012222244215,0.2972134582037208,2.045472182707711
16,0,0,0,15.290606482229032,0.20155886846525928,0.0
13,0,2,0,40.738652727451715,0.6367905591630939,6.876398130126172
16,0,1,1,36.93472033364752,0.5362205652426767,0.0
9,1,1,0,43.4026810552111,0.12418088864044177,2.9738328232325038
22,0,2,0,38.44846437589197,0.44243369694373225,4.4881839261558625
12,0,0,1,24.41119536156196,0.19551302694189593,0.0
13,0,0,1,22.43620076185271,0.5782211485774257,0.0
8,1,2,1,35.931489226598785,0.45619991169438767,5.782350442561617
7,1,0,1,25.923383250314984,0.6518367199927161,0.41114028822558923
20,0,1,1,31.986450472578497,0.8250419968932144,0.08792242847804266
